name,link
Avatar,https://m.media-amazon.com/images/M/MV5BZDA0OGQxNTItMDZkMC00N2UyLTg3MzMtYTJmNjg3Nzk5MzRiXkEyXkFqcGdeQXVyMjUzOTY1NTc@._V1_.jpg
Pirates of the Caribbean: At World's End,https://lumiere-a.akamaihd.net/v1/images/p_piratesofthecaribbean_atworldsend_19642_096c2a25.jpeg?region=0%2C0%2C540%2C810
Spectre,https://m.media-amazon.com/images/M/MV5BOWQ1MDE1NzgtNTQ4OC00ZjliLTllZDAtN2IyOTVmMTc5YjUxXkEyXkFqcGdeQXVyNzkwMjQ5NzM@._V1_.jpg
The Dark Knight Rises,https://m.media-amazon.com/images/M/MV5BMTk4ODQzNDY3Ml5BMl5BanBnXkFtZTcwODA0NTM4Nw@@._V1_.jpg
John Carter,https://m.media-amazon.com/images/M/MV5BMDEwZmIzNjYtNjUwNS00MzgzLWJiOGYtZWMxZGQ5NDcxZjUwXkEyXkFqcGdeQXVyNTIzOTk5ODM@._V1_.jpg
Spider-Man 3,https://www.sonypictures.com/sites/default/files/styles/max_560x840/public/chameleon/title-movie/230057_Spider-Man3_2007_1400x2100_US_1.jpg?itok=axS0bxW1
Tangled,https://m.media-amazon.com/images/M/MV5BMTAxNDYxMjg0MjNeQTJeQWpwZ15BbWU3MDcyNTk2OTM@._V1_FMjpg_UX1000_.jpg
Avengers: Age of Ultron,https://m.media-amazon.com/images/M/MV5BMTM4OGJmNWMtOTM4Ni00NTE3LTg3MDItZmQxYjc4N2JhNmUxXkEyXkFqcGdeQXVyNTgzMDMzMTg@._V1_.jpg
Harry Potter and the Half-Blood Prince,https://m.media-amazon.com/images/M/MV5BNzU3NDg4NTAyNV5BMl5BanBnXkFtZTcwOTg2ODg1Mg@@._V1_.jpg
Batman v Superman: Dawn of Justice,https://m.media-amazon.com/images/M/MV5BYThjYzcyYzItNTVjNy00NDk0LTgwMWQtYjMwNmNlNWJhMzMyXkEyXkFqcGdeQXVyMTQxNzMzNDI@._V1_.jpg
Superman Returns,https://m.media-amazon.com/images/M/MV5BNzY2ZDQ2MTctYzlhOC00MWJhLTgxMmItMDgzNDQwMDdhOWI2XkEyXkFqcGdeQXVyNjc1NTYyMjg@._V1_.jpg
Quantum of Solace,https://m.media-amazon.com/images/M/MV5BMzhjYzlmYjQtYmU0Yy00NjNkLWFmOTQtZjQxZWU4NjY1Y2M4XkEyXkFqcGdeQXVyMjUzOTY1NTc@._V1_.jpg
Pirates of the Caribbean: Dead Man's Chest,https://m.media-amazon.com/images/M/MV5BMTcwODc1MTMxM15BMl5BanBnXkFtZTYwMDg1NzY3._V1_FMjpg_UX1000_.jpg
The Lone Ranger,https://m.media-amazon.com/images/M/MV5BMjI3Mjk5MTUxOV5BMl5BanBnXkFtZTcwNTMyNzY3OQ@@._V1_FMjpg_UX1000_.jpg
Man of Steel,https://m.media-amazon.com/images/M/MV5BMTk5ODk1NDkxMF5BMl5BanBnXkFtZTcwNTA5OTY0OQ@@._V1_.jpg
The Chronicles of Narnia: Prince Caspian,https://m.media-amazon.com/images/M/MV5BM2Q3NWExNjYtM2MwMC00NmM0LTgzZDctMzcxNjE4ZTk5ODA3XkEyXkFqcGdeQXVyNTE1NjY5Mg@@._V1_.jpg
The Avengers,https://m.media-amazon.com/images/I/71niXI3lxlL._SY679_.jpg
Pirates of the Caribbean: On Stranger Tides,https://m.media-amazon.com/images/M/MV5BMjE5MjkwODI3Nl5BMl5BanBnXkFtZTcwNjcwMDk4NA@@._V1_.jpg
Men in Black 3,https://m.media-amazon.com/images/M/MV5BMTU2NTYxODcwMF5BMl5BanBnXkFtZTcwNDk1NDY0Nw@@._V1_.jpg
The Hobbit: The Battle of the Five Armies,https://m.media-amazon.com/images/M/MV5BMTYzNDE3OTQ3MF5BMl5BanBnXkFtZTgwODczMTg4MjE@._V1_.jpg
The Amazing Spider-Man,https://m.media-amazon.com/images/M/MV5BMjMyOTM4MDMxNV5BMl5BanBnXkFtZTcwNjIyNzExOA@@._V1_.jpg